Region,Country,Year,"Births per 1,000 population","Deaths per 1,000 population","Net Number of Migrants per 1,000 population",Rate of natural increase (percent),Growth rate (percent),Population,Births,Deaths,Net Number of Migrants,Natural Increase,Population Change
Africa,Algeria,2009,24.1,4.3,-1,1.98,1.88,35268128,848904,151653,-33857,697251,663393
Africa,Algeria,2010,24.7,4.3,-0.9,2.04,1.95,35949869,887962,154584,-33074,733377,700303
Africa,Algeria,2011,24.6,4.3,-1,2.03,1.93,36654293,901329,157980,-34822,743349,708527
Africa,Algeria,2012,24.4,4.3,-0.9,2.01,1.92,37367226,913255,161053,-35125,752202,717077
Africa,Algeria,2013,24.3,4.3,-0.9,1.99,1.9,38087812,923629,164158,-35422,759471,724049
Africa,Algeria,2014,24,4.3,-0.9,1.97,1.88,38813722,931141,167287,-36097,763854,727757
Africa,Algeria,2015,23.7,4.3,-0.9,1.94,1.84,39542166,935963,170427,-36379,765536,729158
Africa,Algeria,2016,23,4.3,-0.9,1.86,1.77,40263711,924052,173537,-36237,750516,714278
Africa,Algeria,2017,22.2,4.3,-0.9,1.79,1.7,40969443,910341,176578,-36463,733763,697300
Africa,Algeria,2018,21.5,4.3,-0.9,1.72,1.63,41657488,895219,179960,-36242,715259,679017
Africa,Algeria,2019,20.7,4.3,-0.9,1.64,1.56,42325923,877840,183271,-36400,694568,658168
Africa,Angola,2009,47,11.5,2.8,3.54,3.82,21803771,1023905,251179,60178,772726,832904
Africa,Angola,2010,46.8,11.2,1.5,3.56,3.72,22640745,1059587,252897,34414,806690,841104
Africa,Angola,2011,46.6,10.9,1.5,3.57,3.72,23498752,1095512,255666,35248,839845,875094
Africa,Angola,2012,46.4,10.6,2.7,3.58,3.86,24406974,1133216,258714,66875,874502,941377
Africa,Angola,2013,46.2,10.3,1.6,3.59,3.75,25352999,1172069,261643,40311,910426,950737
Africa,Angola,2014,46,10.1,0.9,3.6,3.69,26313499,1210684,264451,24208,946233,970442
Africa,Angola,2015,45.4,9.8,0.5,3.56,3.62,27292149,1239064,266644,14465,972419,986884
Africa,Angola,2016,44.8,9.5,0.3,3.53,3.56,28289713,1267662,268469,9053,999193,1008245
Africa,Angola,2017,44.2,9.2,0.2,3.5,3.52,29310273,1296686,270241,6448,1026446,1032894
Africa,Angola,2018,43.7,9,0.1,3.47,3.49,30355880,1326552,272292,3946,1054260,1058206
Africa,Angola,2019,43.2,8.7,0,3.45,3.45,31427266,1357029,274046,1257,1082984,1084241
Africa,Benin,2009,39.2,9.5,0,2.98,2.98,8791832,344816,83083,0,261733,261733
Africa,Benin,2010,38.7,9.2,0,2.94,2.94,9056010,350196,83587,0,266609,266609
Africa,Benin,2011,38.1,9,0,2.91,2.91,9325032,355377,83925,0,271452,271452
Africa,Benin,2012,37.6,8.8,0,2.88,2.88,9598787,360434,84373,0,276061,276061
Africa,Benin,2013,37,8.6,0,2.84,2.84,9877292,365657,84846,0,280811,280811
Africa,Benin,2014,36.5,8.4,0,2.81,2.81,10160556,370962,85247,0,285715,285715
Africa,Benin,2015,36,8.2,0,2.78,2.78,10448647,376360,85783,0,290577,290577
Africa,Benin,2016,35.5,8,0,2.75,2.75,10741458,381429,86254,0,295175,295175
Africa,Benin,2017,35,7.9,0,2.71,2.71,11038805,386358,86765,0,299593,299593
Africa,Benin,2018,34.5,7.7,0,2.68,2.68,11340504,391134,87322,0,303812,303812
Africa,Benin,2019,34,7.6,0,2.64,2.64,11646392,395861,87930,0,307931,307931
Africa,Botswana,2009,25.8,12,3.2,1.39,1.71,1944488,50246,23295,6242,26951,33192
Africa,Botswana,2010,25.3,11.6,3.2,1.37,1.68,1977723,49977,22961,6250,27016,33265
Africa,Botswana,2011,24.7,11.2,3.1,1.35,1.66,2011047,49693,22564,6254,27129,33383
Africa,Botswana,2012,24.3,10.9,3.1,1.34,1.65,2044548,49601,22204,6236,27397,33633
Africa,Botswana,2013,23.8,10.5,3.1,1.32,1.63,2078313,49422,21905,6401,27517,33918
Africa,Botswana,2014,23.3,10.2,3.1,1.3,1.61,2112305,49153,21630,6548,27523,34071
Africa,Botswana,2015,22.8,10,3.1,1.28,1.59,2146408,48831,21400,6697,27431,34128
Africa,Botswana,2016,22.4,9.8,3.1,1.26,1.57,2180597,48889,21348,6694,27541,34235
Africa,Botswana,2017,22.1,9.6,3,1.25,1.55,2214858,48882,21307,6711,27575,34286
Africa,Botswana,2018,21.7,9.5,3,1.22,1.52,2249104,48828,21299,6702,27529,34231
Africa,Botswana,2019,21.3,9.3,2.9,1.2,1.49,2283255,48702,21303,6690,27399,34089
Africa,BurkinaFaso,2009,43.9,11.3,-3.7,3.27,2.9,15185326,667091,171139,-55882,495953,440071
Africa,BurkinaFaso,2010,43.4,11,-3.2,3.24,2.92,15633854,677728,171191,-49716,506537,456821
Africa,BurkinaFaso,2011,42.7,10.7,-2.7,3.21,2.94,16098955,688069,171776,-43145,516293,473148
Africa,BurkinaFaso,2012,42.1,10.4,0.1,3.17,3.18,16599121,698491,172299,996,526192,527188
Africa,BurkinaFaso,2013,41.4,10.1,-2.5,3.13,2.89,17109478,708161,172806,-41918,535356,493437
Africa,BurkinaFaso,2014,40.4,9.8,-1.4,3.06,2.93,17613855,712128,172792,-24131,539336,515205
Africa,BurkinaFaso,2015,39.4,9.5,-1,2.99,2.89,18133363,714999,172630,-18677,542369,523692
Africa,BurkinaFaso,2016,38.7,9.2,-0.9,2.95,2.86,18662035,722034,172064,-16423,549970,533548
Africa,BurkinaFaso,2017,37.9,8.9,-0.7,2.89,2.82,19199732,726902,171646,-13248,555256,542008
Africa,BurkinaFaso,2018,36.9,8.7,-0.7,2.82,2.76,19742715,728506,171169,-13228,557337,544109
Africa,BurkinaFaso,2019,36,8.4,-0.7,2.76,2.69,20288052,730370,170420,-13390,559950,546560
Africa,Burundi,2009,43.8,11.6,0,3.22,3.23,8831095,387067,102352,0,284715,284715
Africa,Burundi,2010,43.5,11.2,0,3.23,3.23,9120944,397126,102155,0,294971,294971
Africa,Burundi,2011,43.3,10.6,0,3.27,3.27,9422208,407793,100158,0,307635,307635
Africa,Burundi,2012,43,10.1,0,3.29,3.29,9735984,418453,98528,0,319924,319924
Africa,Burundi,2013,42.6,9.8,0,3.28,3.28,10060714,428285,98796,0,329488,329488
Africa,Burundi,2014,42.3,9.5,0,3.28,3.28,10395931,440060,99177,0,340883,340883
Africa,Burundi,2015,42,9.3,0,3.27,3.28,10742276,451283,99581,0,351702,351702
Africa,Burundi,2016,41.7,9,0,3.26,3.26,11099298,462619,100338,0,362281,362281
Africa,Burundi,2017,41.3,8.8,0,3.25,3.25,11466756,473806,101137,0,372670,372670
Africa,Burundi,2018,40.9,8.6,0,3.23,3.23,11844520,484796,101981,0,382815,382815
Africa,Burundi,2019,40.6,8.4,0,3.22,3.22,12232823,496530,102756,0,393775,393775
Africa,CaboVerde,2009,22.2,6.5,-0.7,1.57,1.5,501182,11131,3248,-341,7884,7543
Africa,CaboVerde,2010,21.7,6.4,-0.7,1.53,1.46,508659,11023,3261,-341,7762,7421
Africa,CaboVerde,2011,21.5,6.3,-0.7,1.51,1.45,516100,11081,3272,-341,7809,7468
Africa,CaboVerde,2012,21.2,6.3,-0.7,1.49,1.43,523568,11105,3288,-346,7817,7471
Africa,CaboVerde,2013,21,6.2,-0.7,1.47,1.41,531046,11131,3303,-345,7828,7482
Africa,CaboVerde,2014,20.7,6.2,-0.6,1.46,1.39,538535,11158,3323,-345,7836,7491
Africa,CaboVerde,2015,20.3,6.1,-0.6,1.42,1.36,545993,11100,3336,-344,7764,7420
Africa,CaboVerde,2016,20.2,6.1,-0.6,1.41,1.35,553432,11157,3354,-343,7803,7460
Africa,CaboVerde,2017,20,6,-0.6,1.39,1.33,560899,11196,3377,-342,7819,7477
Africa,CaboVerde,2018,19.7,6,-0.6,1.38,1.32,568373,11214,3393,-341,7821,7480
Africa,CaboVerde,2019,19.5,5.9,-0.6,1.36,1.3,575839,11217,3415,-346,7803,7457
Africa,Cameroon,2009,38.9,12,0.9,2.69,2.77,20262861,787820,243762,17831,544058,561889
Africa,Cameroon,2010,38.2,11.7,0.3,2.65,2.68,20822264,795202,243412,5414,551790,557204
Africa,Cameroon,2011,37.8,11.4,-0.2,2.64,2.63,21381571,808223,243108,-3421,565115,561694
Africa,Cameroon,2012,37.5,11,-0.2,2.65,2.63,21950850,822718,242118,-3512,580600,577088
Africa,Cameroon,2013,37.1,10.7,-0.2,2.64,2.62,22534532,835355,241345,-3606,594010,590405
Africa,Cameroon,2014,36.6,10.4,-0.2,2.62,2.6,23130708,846121,240559,-3470,605562,602092
Africa,Cameroon,2015,36.2,10.1,-0.2,2.61,2.59,23739218,858648,240003,-3561,618644,615083
Africa,Cameroon,2016,35.8,9.8,-0.1,2.59,2.58,24360803,870899,239467,-3411,631432,628022
Africa,Cameroon,2017,35.4,9.6,-0.1,2.58,2.56,24994885,883569,239951,-3499,643618,640119
Africa,Cameroon,2018,35,9.4,-0.1,2.56,2.54,25640965,896152,240512,-3590,655639,652050
Africa,Cameroon,2019,34.6,9.2,-0.1,2.54,2.53,26299112,908897,241426,-3419,667471,664053
Africa,CentralAfricanRepublic,2009,37.1,15.6,0,2.15,2.15,4741916,175925,73974,0,101951,101951
Africa,CentralAfricanRepublic,2010,36.8,15.3,0,2.15,2.15,4844927,178245,74127,0,104117,104117
Africa,CentralAfricanRepublic,2011,36.5,15,0,2.15,2.15,4950027,180478,74300,0,106178,106178
Africa,CentralAfricanRepublic,2012,36.1,14.7,0,2.14,2.14,5057208,182717,74392,0,108325,108325
Africa,CentralAfricanRepublic,2013,35.8,14.4,0,2.14,2.14,5166510,184961,74501,0,110460,110460
Africa,CentralAfricanRepublic,2014,35.5,14.1,0,2.13,2.13,5277959,187104,74472,0,112632,112632
Africa,CentralAfricanRepublic,2015,35.1,13.8,0,2.13,2.13,5391539,189135,74403,0,114732,114732
Africa,CentralAfricanRepublic,2016,34.7,13.5,0,2.12,2.12,5507257,191102,74238,0,116864,116864
Africa,CentralAfricanRepublic,2017,34.3,13.2,0,2.12,2.12,5625118,193110,74083,0,119027,119027
Africa,CentralAfricanRepublic,2018,34,12.9,0,2.11,2.11,5745062,195045,73996,0,121048,121048
Africa,CentralAfricanRepublic,2019,33.6,12.6,0,2.1,2.1,5867019,196956,73924,0,123031,123031
Africa,Chad,2009,49.2,13.5,0.6,3.57,3.63,11562994,568784,155754,6822,413030,419852
Africa,Chad,2010,48.6,13.1,0.7,3.55,3.62,11989651,582577,157184,8153,425393,433546
Africa,Chad,2011,48,12.8,2.2,3.52,3.74,12438850,596692,158844,26992,437848,464840
Africa,Chad,2012,47.4,12.4,0.6,3.49,3.55,12900189,610824,160349,7224,450475,457699
Africa,Chad,2013,46.7,12.1,3.7,3.46,3.83,13385494,625236,161964,49660,463272,512932
Africa,Chad,2014,45.9,11.8,1.3,3.41,3.54,13887973,637180,163600,18471,473580,492051
Africa,Chad,2015,45.1,11.5,-3.6,3.36,3.01,14349650,647026,164447,-51228,482579,431350
Africa,Chad,2016,44.3,11.1,1.3,3.32,3.45,14820954,657013,165105,19267,491907,511175
Africa,Chad,2017,43.6,10.8,-0.2,3.28,3.27,15327016,668871,165838,-2299,503033,500734
Africa,Chad,2018,43,10.5,-0.1,3.25,3.23,15833116,680349,166564,-2217,513785,511568
Africa,Chad,2019,42.3,10.2,-0.1,3.21,3.19,16349891,691764,167423,-2289,524341,522052
Africa,Comoros,2009,35.4,9,-2.9,2.65,2.36,690013,24426,6176,-1973,18251,16277
Africa,Comoros,2010,34.1,8.7,-2.8,2.54,2.26,706122,24051,6136,-1977,17914,15937
Africa,Comoros,2011,32.8,8.4,-2.7,2.43,2.16,721886,23642,6085,-1978,17556,15578
Africa,Comoros,2012,31.5,8.2,-2.7,2.33,2.06,737284,23217,6038,-1976,17179,15203
Africa,Comoros,2013,30.3,8,-2.6,2.23,1.97,752288,22764,5996,-1979,16768,14790
Africa,Comoros,2014,29.1,7.8,-2.6,2.13,1.87,766865,22277,5951,-1979,16327,14348
Africa,Comoros,2015,27.8,7.6,-2.5,2.03,1.77,780971,21742,5912,-1976,15830,13854
Africa,Comoros,2016,26.9,7.4,-2.5,1.95,1.71,794678,21409,5881,-1979,15528,13549
Africa,Comoros,2017,26.1,7.2,-2.4,1.88,1.64,808080,21075,5850,-1972,15224,13253
Africa,Comoros,2018,25.3,7.1,-2.4,1.81,1.57,821164,20734,5838,-1979,14896,12917
Africa,Comoros,2019,24.4,7,-2.4,1.74,1.51,833909,20372,5829,-1976,14543,12567
Africa,Congo(Brazzaville),2009,40.6,11.2,21.2,2.94,5.06,4063165,164924,45507,86017,119416,205434
Africa,Congo(Brazzaville),2010,39.7,10.9,5.1,2.88,3.39,4237641,168404,46360,21485,122044,143529
Africa,Congo(Brazzaville),2011,39,10.7,3.7,2.82,3.19,4379194,170570,46989,15984,123581,139565
Africa,Congo(Brazzaville),2012,38.2,10.5,-9.4,2.76,1.83,4489969,171382,47279,-42116,124103,81987
Africa,Congo(Brazzaville),2013,37.4,10.4,-8.2,2.7,1.89,4574099,171026,47342,-37416,123684,86268
Africa,Congo(Brazzaville),2014,36.6,10.2,-7,2.64,1.94,4662446,170599,47417,-32730,123182,90451
Africa,Congo(Brazzaville),2015,35.9,10,-5.9,2.59,2,4755097,170470,47551,-28055,122919,94864
Africa,Congo(Brazzaville),2016,35.1,9.7,-4.8,2.54,2.06,4852412,170320,47165,-23389,123154,99766
Africa,Congo(Brazzaville),2017,34.4,9.5,-3.8,2.49,2.11,4954674,170292,46822,-18729,123470,104742
Africa,Congo(Brazzaville),2018,33.7,9.2,-2.8,2.45,2.17,5062021,170539,46571,-14022,123969,109947
Africa,Congo(Brazzaville),2019,33.1,9,-1.8,2.41,2.23,5174669,171075,46365,-9366,124710,115343
Africa,Congo(Kinshasa),2009,39.1,11.6,-0.7,2.75,2.68,68015710,2659414,789662,-47611,1869752,1822141
Africa,Congo(Kinshasa),2010,38.4,11.3,-0.6,2.71,2.65,69851289,2683687,791415,-43308,1892271,1848964
Africa,Congo(Kinshasa),2011,37.7,11.1,-0.5,2.67,2.61,71712867,2706444,793144,-38725,1913299,1874574
Africa,Congo(Kinshasa),2012,37.1,10.8,-0.5,2.63,2.58,73599190,2726850,794871,-34592,1931979,1897387
Africa,Congo(Kinshasa),2013,36.3,10.5,-0.4,2.58,2.54,75507308,2743936,795847,-30203,1948089,1917886
Africa,Congo(Kinshasa),2014,35.6,10.3,-0.3,2.53,2.5,77433744,2758190,797568,-25553,1960622,1935069
Africa,Congo(Kinshasa),2015,34.9,10.1,-0.3,2.48,2.45,79375136,2768605,799308,-21431,1969297,1947866
Africa,Congo(Kinshasa),2016,34.2,9.9,-0.2,2.44,2.42,81331050,2782335,801111,-17080,1981224,1964145
Africa,Congo(Kinshasa),2017,33.5,9.6,-0.2,2.39,2.37,83301151,2792255,803023,-12495,1989231,1976736
Africa,Congo(Kinshasa),2018,32.8,9.4,-0.1,2.34,2.33,85281024,2797218,805053,-8528,1992165,1983637
Africa,Congo(Kinshasa),2019,32.1,9.3,-0.1,2.28,2.28,87265519,2796860,807206,-4363,1989654,1985291
Africa,Coted'Ivoire,2009,36.5,11.4,0.8,2.51,2.59,21186017,773290,241097,16949,532193,549142
Africa,Coted'Ivoire,2010,34.7,11,0.2,2.37,2.38,21719488,753232,239349,3692,513883,517575
Africa,Coted'Ivoire,2011,34.1,10.6,-4.1,2.35,1.94,22193545,756800,234808,-91659,521992,430333
Africa,Coted'Ivoire,2012,33.5,10.2,2.6,2.33,2.59,22703074,760553,231798,59936,528755,588691
Africa,Coted'Ivoire,2013,32.9,9.9,1.8,2.3,2.49,23286988,766142,229843,42615,536299,578915
Africa,Coted'Ivoire,2014,32.3,9.5,1.8,2.28,2.46,23869982,770762,227720,43921,543042,586963
Africa,Coted'Ivoire,2015,31.7,9.2,1.4,2.24,2.39,24455278,774743,225967,34726,548776,583503
Africa,Coted'Ivoire,2016,31.1,8.9,2.3,2.22,2.45,25054140,780186,223984,57625,556202,613826
Africa,Coted'Ivoire,2017,30.6,8.7,1.3,2.2,2.33,25659816,785704,222214,33871,563490,597361
Africa,Coted'Ivoire,2018,30.1,8.4,1.3,2.17,2.3,26260582,790706,220589,33876,570117,603993
Africa,Coted'Ivoire,2019,29.6,8.2,1.3,2.15,2.27,26867857,795557,218973,33853,576584,610438
Africa,Djibouti,2009,26.3,8.5,3.8,1.78,2.16,724622,19087,6181,2775,12906,15681
Africa,Djibouti,2010,25.6,8.4,4.6,1.72,2.18,740528,18943,6198,3406,12744,16151
Africa,Djibouti,2011,25.3,8.2,5.3,1.7,2.24,757074,19131,6231,4035,12901,16936
Africa,Djibouti,2012,24.9,8.1,6,1.68,2.29,774389,19290,6257,4662,13033,17695
Africa,Djibouti,2013,24.5,8,6,1.65,2.26,792198,19409,6306,4785,13103,17888
Africa,Djibouti,2014,24.1,7.8,6.1,1.62,2.23,810179,19509,6352,4910,13157,18067
Africa,Djibouti,2015,23.7,7.7,6.1,1.59,2.2,828324,19590,6403,5020,13187,18207
Africa,Djibouti,2016,23.6,7.6,5.9,1.59,2.18,846687,19956,6460,4979,13496,18475
Africa,Djibouti,2017,23.4,7.5,5.7,1.59,2.16,865267,20273,6524,4923,13749,18672
Africa,Djibouti,2018,23.3,7.5,5.5,1.58,2.13,884017,20553,6586,4862,13967,18830
Africa,Djibouti,2019,23,7.4,5.3,1.56,2.09,902892,20785,6663,4776,14121,18898
Africa,Egypt,2009,29.4,5.3,-0.8,2.41,2.34,79317792,2334323,422764,-59488,1911559,1852070
Africa,Egypt,2010,30.5,5.2,-0.7,2.52,2.45,81238995,2474540,424880,-59304,2049660,1990355
Africa,Egypt,2011,31.4,5.2,-0.7,2.63,2.56,83298127,2617227,429818,-59142,2187409,2128267
Africa,Egypt,2012,31.4,5.1,-0.7,2.63,2.56,85458032,2684237,434127,-58966,2250110,2191144
Africa,Egypt,2013,31.3,5,-0.7,2.64,2.57,87679255,2746991,436643,-59622,2310348,2250726
Africa,Egypt,2014,31.2,4.9,-0.7,2.63,2.57,89959189,2806727,439001,-59373,2367726,2308353
Africa,Egypt,2015,31,4.8,-0.6,2.62,2.56,92296970,2863052,441180,-55378,2421872,2366494
Africa,Egypt,2016,30.3,4.7,-0.5,2.56,2.51,94666993,2869357,443988,-51120,2425368,2374248
Africa,Egypt,2017,29.6,4.6,-0.5,2.5,2.45,97041072,2869504,447359,-47550,2422145,2374595
Africa,Egypt,2018,28.8,4.5,-0.4,2.43,2.38,99413317,2864098,451336,-43742,2412761,2369019
Africa,Egypt,2019,28,4.5,-0.4,2.36,2.32,101776661,2851782,454942,-39693,2396840,2357147
Africa,EquatorialGuinea,2009,36.5,9.5,0,2.7,2.7,633441,23133,6011,0,17122,17122
Africa,EquatorialGuinea,2010,36,9.3,0,2.67,2.67,650702,23425,6026,0,17400,17400
Africa,EquatorialGuinea,2011,35.4,9,0,2.64,2.64,668225,23675,6034,0,17641,17641
Africa,EquatorialGuinea,2012,34.9,8.8,0,2.61,2.61,685991,23927,6044,0,17884,17884
Africa,EquatorialGuinea,2013,34.4,8.6,0,2.58,2.58,704001,24182,6047,0,18135,18135
Africa,EquatorialGuinea,2014,33.8,8.4,0,2.54,2.54,722254,24434,6060,0,18374,18374
Africa,EquatorialGuinea,2015,33.3,8.2,0,2.51,2.51,740743,24674,6067,0,18607,18607
Africa,EquatorialGuinea,2016,32.8,8,0,2.48,2.48,759451,24887,6076,0,18812,18812
Africa,EquatorialGuinea,2017,32.2,7.8,0,2.44,2.44,778358,25086,6079,0,19008,19008
Africa,EquatorialGuinea,2018,31.7,7.6,0,2.41,2.41,797457,25279,6085,0,19195,19195
Africa,EquatorialGuinea,2019,31.2,7.5,0,2.37,2.37,816736,25458,6093,0,19365,19365
Africa,Eritrea,2009,35.3,8.4,-5,2.69,2.2,5243580,185256,44151,-26061,141105,115044
Africa,Eritrea,2010,34.6,8.3,-2.7,2.64,2.37,5364704,185780,44312,-14324,141467,127143
Africa,Eritrea,2011,33.9,8.1,-6.4,2.58,1.94,5481467,185877,44235,-35301,141641,106340
Africa,Eritrea,2012,33.2,7.9,-8.3,2.53,1.7,5582115,185326,44043,-46332,141283,94952
Africa,Eritrea,2013,32.4,7.7,-6.4,2.47,1.83,5681550,184253,43862,-36419,140391,103972
Africa,Eritrea,2014,31.6,7.6,-12.5,2.41,1.16,5766838,182290,43597,-72028,138692,66665
Africa,Eritrea,2015,30.8,7.4,-15.5,2.34,0.79,5823083,179176,43207,-90141,135969,45828
Africa,Eritrea,2016,30.1,7.3,-14.7,2.28,0.81,5869869,176800,42850,-86228,133950,47722
Africa,Eritrea,2017,29.6,7.2,-13.9,2.24,0.85,5918919,175200,42498,-82332,132702,50370
Africa,Eritrea,2018,29.1,7.1,-13.1,2.2,0.89,5970646,173746,42272,-78395,131474,53079
Africa,Eritrea,2019,28.5,7,-12.4,2.16,0.92,6024854,171889,42053,-74467,129836,55368
Africa,Eswatini,2009,31.7,14.8,-15.7,1.69,0.12,1017183,32255,15044,-15990,17211,1221
Africa,Eswatini,2010,30.8,14.7,-12.9,1.61,0.32,1019398,31377,15016,-13150,16361,3211
Africa,Eswatini,2011,30.3,14.1,-10.1,1.62,0.62,1024153,30991,14389,-10303,16602,6299
Africa,Eswatini,2012,29.6,13.4,-7.2,1.62,0.9,1031925,30566,13869,-7450,16697,9246
Africa,Eswatini,2013,29,12.9,-7.2,1.61,0.9,1041209,30153,13380,-7455,16774,9319
Africa,Eswatini,2014,28.3,12.3,-7.1,1.6,0.89,1050527,29698,12932,-7459,16766,9308
Africa,Eswatini,2015,27.6,11.8,-7,1.58,0.87,1059815,29230,12516,-7450,16713,9263
Africa,Eswatini,2016,27,11.4,-7,1.56,0.86,1069060,28886,12198,-7451,16688,9237
Africa,Eswatini,2017,26.4,11.1,-6.9,1.53,0.84,1078215,28443,11914,-7450,16529,9079
Africa,Eswatini,2018,25.8,10.7,-6.9,1.5,0.82,1087200,27995,11644,-7458,16351,8893
Africa,Eswatini,2019,25.1,10.4,-6.8,1.47,0.79,1095970,27509,11398,-7453,16111,8658
Africa,Ethiopia,2009,39.9,10.5,0.2,2.93,2.95,83548430,3331911,880600,15874,2451311,2467185
Africa,Ethiopia,2010,39.3,10.1,0.1,2.93,2.93,86042927,3384929,867313,4302,2517616,2521918
Africa,Ethiopia,2011,38.9,9.7,-0.3,2.93,2.9,88588758,3446989,854882,-22147,2592107,2569960
Africa,Ethiopia,2012,38.5,9.3,-0.2,2.92,2.9,91195675,3509210,843560,-21887,2665650,2643763
Africa,Ethiopia,2013,38.1,8.9,-0.2,2.92,2.9,93877025,3573898,832689,-21592,2741209,2719617
Africa,Ethiopia,2014,37.7,8.5,-0.2,2.91,2.89,96633458,3639216,823317,-22226,2815899,2793673
Africa,Ethiopia,2015,37.3,8.2,-0.2,2.91,2.89,99465819,3707091,814625,-21882,2892466,2870584
Africa,Ethiopia,2016,36.9,7.9,-0.2,2.9,2.88,102374044,3773507,805684,-21499,2967824,2946325
Africa,Ethiopia,2017,36.5,7.7,-0.2,2.88,2.85,105350020,3840008,811195,-22124,3028813,3006690
Africa,Ethiopia,2018,36,7.5,-0.2,2.85,2.83,108386391,3905162,817233,-21677,3087928,3066251
Africa,Ethiopia,2019,35.6,7.4,-0.2,2.82,2.81,111483031,3971026,822745,-22297,3148281,3125984
Africa,Gabon,2009,30.4,8.8,14.9,2.17,3.66,1568721,47720,13742,23421,33978,57400
Africa,Gabon,2010,30.2,8.5,15.5,2.16,3.72,1627674,49074,13884,25294,35190,60484
Africa,Gabon,2011,29.2,8.1,10.7,2.11,3.17,1684614,49157,13696,17941,35461,53402
Africa,Gabon,2012,28.2,7.8,16.4,2.05,3.68,1743397,49216,13546,28505,35670,64174
Africa,Gabon,2013,27.8,7.4,16.7,2.03,3.71,1809004,50218,13441,30247,36777,67024
Africa,Gabon,2014,27.3,7.1,13.9,2.02,3.41,1874487,51248,13346,26037,37902,63939
Africa,Gabon,2015,27,6.9,12.4,2.02,3.25,1937962,52325,13275,23973,39050,63023
Africa,Gabon,2016,26.8,6.6,10.4,2.02,3.06,2000048,53621,13220,20760,40401,61161
Africa,Gabon,2017,26.6,6.4,8.7,2.02,2.89,2060381,54786,13186,17905,41599,59504
Africa,Gabon,2018,26.5,6.2,7,2.03,2.73,2119036,56133,13138,14791,42995,57786
Africa,Gabon,2019,26.3,6,5.4,2.03,2.57,2175885,57291,13099,11706,44192,55898
Africa,"Gambia,The",2009,35.7,8,-2.9,2.78,2.49,1713278,61198,13655,-4883,47543,42661
Africa,"Gambia,The",2010,34.9,7.8,-2.7,2.71,2.44,1755456,61336,13745,-4757,47590,42833
Africa,"Gambia,The",2011,34.2,7.7,-2.6,2.65,2.4,1797860,61469,13754,-4638,47715,43077
Africa,"Gambia,The",2012,33.4,7.5,-2.5,2.59,2.34,1840454,61490,13803,-4528,47686,43159
Africa,"Gambia,The",2013,32.6,7.4,-2.3,2.52,2.29,1883051,61369,13897,-4406,47472,43065
Africa,"Gambia,The",2014,31.8,7.3,-2.2,2.45,2.23,1925527,61135,13979,-4294,47156,42862
Africa,"Gambia,The",2015,30.9,7.2,-2.1,2.37,2.16,1967709,60723,14069,-4172,46654,42483
Africa,"Gambia,The",2016,30.1,7.1,-2,2.31,2.11,2009648,60531,14168,-4039,46363,42323
Africa,"Gambia,The",2017,29.4,7,-1.9,2.24,2.05,2051363,60208,14277,-3939,45930,41991
Africa,"Gambia,The",2018,28.6,6.9,-1.8,2.17,1.99,2092731,59789,14377,-3809,45412,41603
Africa,"Gambia,The",2019,27.8,6.8,-1.7,2.1,1.93,2133640,59273,14487,-3691,44785,41094
Africa,Ghana,2009,32.8,8.2,-2.4,2.46,2.22,23051965,756796,189487,-54633,567309,512676
Africa,Ghana,2010,32.6,8,-2.2,2.45,2.23,23571204,767478,189512,-52328,577966,525638
Africa,Ghana,2011,32.3,7.9,-1.7,2.44,2.27,24107863,778443,189488,-41224,588955,547731
Africa,Ghana,2012,32,7.7,-2.4,2.43,2.2,24652402,788877,189577,-57933,599300,541367
Africa,Ghana,2013,31.7,7.5,-2.2,2.42,2.19,25199609,798828,189753,-56195,609075,552879
Africa,Ghana,2014,31.4,7.4,-2.1,2.4,2.19,25758108,808805,189837,-54865,618967,564103
Africa,Ghana,2015,31.1,7.2,-2,2.39,2.18,26327649,818527,190086,-53182,628441,575259
Africa,Ghana,2016,30.8,7.1,-1.9,2.37,2.18,26908262,828505,190510,-51664,637995,586331
Africa,Ghana,2017,30.5,7,-1.8,2.35,2.17,27499924,838473,191124,-50325,647348,597023
Africa,Ghana,2018,30.2,6.8,-1.7,2.34,2.16,28102471,848133,191659,-48617,656474,607856
Africa,Ghana,2019,29.9,6.7,-1.6,2.32,2.16,28715894,858318,192396,-47094,665922,618828
Africa,Guinea,2009,37.6,11.4,-0.7,2.62,2.55,9327011,350416,106328,-6156,244088,237932
Africa,Guinea,2010,37.2,11,-0.1,2.62,2.6,9570543,355928,105659,-1244,250270,249026
Africa,Guinea,2011,36.8,10.7,0.3,2.61,2.64,9824572,361544,105025,2456,256520,258976
Africa,Guinea,2012,36.8,10.4,-0.6,2.64,2.58,10083976,370788,104672,-6252,266116,259864
Africa,Guinea,2013,36.8,10.1,-0.2,2.67,2.65,10351174,380716,104443,-1760,276273,274513
Africa,Guinea,2014,36.8,9.8,0,2.7,2.7,10631955,391150,104299,213,286850,287063
Africa,Guinea,2015,36.8,9.6,0,2.73,2.73,10924395,402127,104328,109,297799,297908
Africa,Guinea,2016,36.6,9.3,-0.3,2.73,2.7,11224776,411164,104503,-3816,306661,302844
Africa,Guinea,2017,36.5,9.1,0,2.74,2.74,11534306,420887,104731,0,316155,316155
Africa,Guinea,2018,36.4,8.9,0,2.75,2.75,11855411,431063,105039,0,326024,326024
Africa,Guinea,2019,36.2,8.7,0,2.76,2.76,12186420,441270,105413,0,335858,335858
Africa,Guinea-Bissau,2009,40.3,11.7,-5.1,2.86,2.36,1481090,59703,17284,-7480,42418,34939
Africa,Guinea-Bissau,2010,39.4,11.3,-5.1,2.82,2.31,1516078,59764,17056,-7671,42708,35037
Africa,Guinea-Bissau,2011,38.6,10.8,-4.7,2.77,2.3,1551450,59824,16818,-7307,43006,35699
Africa,Guinea-Bissau,2012,37.7,10.5,-4.7,2.73,2.26,1587244,59887,16587,-7412,43300,35888
Africa,Guinea-Bissau,2013,37.8,10.1,-4.1,2.77,2.36,1624345,61368,16422,-6627,44946,38318
Africa,Guinea-Bissau,2014,37.8,9.8,-4.3,2.8,2.37,1663186,62902,16316,-7202,46586,39384
Africa,Guinea-Bissau,2015,37.8,9.5,-4.3,2.83,2.4,1703302,64453,16232,-7358,48220,40862
Africa,Guinea-Bissau,2016,37.7,9.2,-3.9,2.85,2.46,1745203,65707,15986,-6771,49721,42949
Africa,Guinea-Bissau,2017,37.5,8.8,-4.1,2.87,2.45,1788610,67001,15758,-7351,51244,43892
Africa,Guinea-Bissau,2018,37.3,8.5,-4,2.88,2.48,1833247,68307,15546,-7351,52761,45410
Africa,Guinea-Bissau,2019,37.1,8.2,-3.9,2.89,2.5,1879407,69632,15355,-7348,54277,46929
Africa,Kenya,2009,36.8,8.5,1,2.83,2.93,39707699,1462832,337515,38516,1125316,1163833
Africa,Kenya,2010,35.3,7.9,-0.2,2.75,2.72,40843138,1442580,321435,-9802,1121144,1111342
Africa,Kenya,2011,33.7,7.4,-0.2,2.63,2.6,41943504,1413496,312060,-10066,1101436,1091370
Africa,Kenya,2012,31.9,7.3,-0.2,2.47,2.44,43013341,1373416,312277,-9893,1061139,1051246
Africa,Kenya,2013,30.1,7.1,-0.2,2.3,2.27,44037656,1324653,313548,-10129,1011105,1000976
Africa,Kenya,2014,28.3,7,-0.2,2.13,2.11,45010056,1272434,315070,-9902,957364,947462
Africa,Kenya,2015,26.4,6.9,-0.2,1.95,1.93,45925301,1212428,316425,-10104,896003,885899
Africa,Kenya,2016,25.1,6.8,-0.2,1.83,1.81,46790758,1175384,317709,-9826,857675,847849
Africa,Kenya,2017,23.9,6.7,-0.2,1.71,1.69,47615739,1135635,319978,-9999,815658,805658
Africa,Kenya,2018,22.6,6.7,-0.2,1.59,1.57,48397527,1092816,321844,-10163,770973,760809
Africa,Kenya,2019,21.7,6.6,-0.2,1.51,1.49,49142516,1066393,324341,-9829,742052,732223
Africa,Lesotho,2009,27.5,17.1,-8.9,1.04,0.15,1916134,52694,32785,-17130,19909,2778
Africa,Lesotho,2010,27.2,15.7,-8.7,1.15,0.28,1919552,52154,30156,-16662,21998,5336
Africa,Lesotho,2011,26.9,15.2,-8.4,1.17,0.33,1924886,51837,29239,-16208,22598,6391
Africa,Lesotho,2012,26.7,15.2,-8.2,1.15,0.33,1930493,51448,29305,-15734,22143,6409
Africa,Lesotho,2013,26.3,15,-7.9,1.13,0.34,1936181,50941,29081,-15276,21859,6583
Africa,Lesotho,2014,25.9,14.9,-7.6,1.1,0.34,1942008,50337,28955,-14798,21382,6583
Africa,Lesotho,2015,25.5,14.9,-7.4,1.06,0.32,1947701,49608,29001,-14335,20607,6272
Africa,Lesotho,2016,25.1,14.9,-7.1,1.01,0.3,1953070,48944,29159,-13867,19785,5918
Africa,Lesotho,2017,24.6,15,-6.8,0.96,0.28,1958042,48207,29410,-13393,18797,5404
Africa,Lesotho,2018,24.2,15.1,-6.6,0.9,0.24,1962461,47393,29712,-12933,17682,4749
Africa,Lesotho,2019,23.7,15.3,-6.3,0.84,0.21,1966253,46541,30005,-12466,16536,4070
Africa,Liberia,2009,41.2,9.9,-4.7,3.13,2.66,3708025,152734,36821,-17242,115913,98671
Africa,Liberia,2010,40.8,9.6,0.3,3.12,3.15,3817364,155634,36609,993,119025,120018
Africa,Liberia,2011,40.4,9.3,22.5,3.11,5.36,3984084,160837,37012,89562,123825,213388
Africa,Liberia,2012,39.9,9,-6.9,3.1,2.41,4140690,165296,37142,-28364,128154,99791
Africa,Liberia,2013,39.5,8.7,-5.7,3.08,2.51,4243924,167677,36922,-24148,130755,106607
Africa,Liberia,2014,39.2,9.2,-6.5,3,2.35,4348279,170279,40048,-28220,130231,102011
Africa,Liberia,2015,38.8,8.2,-3.5,3.07,2.72,4459961,173225,36393,-15476,136832,121356
Africa,Liberia,2016,38.5,7.9,-6.7,3.07,2.4,4575528,176341,36101,-30427,140240,109813
Africa,Liberia,2017,38.3,7.6,-5.7,3.06,2.5,4689021,179496,35824,-26493,143672,117179
Africa,Liberia,2018,37.9,7.4,-4.7,3.05,2.59,4809768,182483,35592,-22558,146890,124333
Africa,Liberia,2019,37.6,7.2,-3.8,3.05,2.67,4937804,185760,35404,-18616,150356,131741
Africa,Libya,2009,19.8,3.6,1.8,1.62,1.8,6002252,118965,21608,10864,97357,108221
Africa,Libya,2010,19.5,3.6,1.8,1.59,1.77,6110364,119030,21936,10876,97094,107970
Africa,Libya,2011,19.3,8.2,-148.9,1.11,-13.78,5767159,111364,47233,-858557,64131,-794426
Africa,Libya,2012,19,3.6,71.3,1.55,8.67,5613380,106879,20040,400009,86839,486848
Africa,Libya,2013,18.7,3.6,33.3,1.52,4.85,6002347,112484,21368,199998,91116,291114
Africa,Libya,2014,18.4,3.6,16,1.48,3.08,6244174,114893,22292,99969,92601,192570
Africa,Libya,2015,18,3.6,7.8,1.45,2.23,6411776,115604,22954,50012,92650,142662
Africa,Libya,2016,17.8,3.6,3.8,1.42,1.8,6541948,116250,23551,24990,92699,117690
Africa,Libya,2017,17.5,3.6,1.9,1.39,1.58,6653210,116431,24085,12508,92347,104855
Africa,Libya,2018,17.2,3.7,0.9,1.36,1.45,6754507,116178,24654,6282,91524,97805
Africa,Libya,2019,16.9,3.7,0.5,1.32,1.37,6850229,115769,25209,3151,90560,93711
Africa,Madagascar,2009,35.3,7.7,0,2.76,2.76,20282443,715159,156175,0,558984,558984
Africa,Madagascar,2010,34.9,7.6,0,2.73,2.73,20846615,727338,158017,0,569321,569321
Africa,Madagascar,2011,34.5,7.4,0,2.71,2.71,21420952,738166,158729,0,579437,579437
Africa,Madagascar,2012,34,7.3,0,2.68,2.68,22005222,748838,159538,0,589300,589300
Africa,Madagascar,2013,33.6,7.1,0,2.65,2.65,22599098,758878,160454,0,598424,598424
Africa,Madagascar,2014,33.1,7,0,2.62,2.62,23201926,768448,161253,0,607194,607194
Africa,Madagascar,2015,32.6,6.8,0,2.58,2.58,23812681,776532,162164,0,614367,614367
Africa,Madagascar,2016,32.1,6.7,0,2.54,2.54,24430325,783725,162950,0,620775,620775
Africa,Madagascar,2017,31.6,6.5,0,2.5,2.5,25054161,790459,163604,0,626855,626855
Africa,Madagascar,2018,31,6.4,0,2.46,2.46,25683610,796706,164375,0,632330,632330
Africa,Madagascar,2019,30.5,6.3,0,2.42,2.42,26317853,801905,165539,0,636366,636366
Africa,Malawi,2009,43.5,11,1.5,3.25,3.4,14673498,637563,160822,22010,476742,498752
Africa,Malawi,2010,43.1,10.3,1.5,3.28,3.43,15182821,653620,155624,22015,497997,520012
Africa,Malawi,2011,42.7,9.8,1.1,3.29,3.4,15709663,670646,154583,17595,516062,533657
Africa,Malawi,2012,42.4,9.5,0.8,3.29,3.37,16250624,688539,153568,13163,534971,548134
Africa,Malawi,2013,42.1,9.1,0.5,3.3,3.35,16806366,707044,152602,8739,554442,563181
Africa,Malawi,2014,41.8,8.7,0.3,3.31,3.33,17377468,726378,151879,4344,574499,578843
Africa,Malawi,2015,41.6,8.4,0,3.32,3.32,17964697,746613,151083,0,595530,595530
Africa,Malawi,2016,41.3,8.1,0,3.32,3.32,18570321,766954,151162,0,615792,615792
Africa,Malawi,2017,41,7.9,0,3.31,3.31,19196246,787622,151458,0,636164,636164
Africa,Malawi,2018,40.7,7.7,0,3.31,3.31,19842560,808386,151796,0,656590,656590
Africa,Malawi,2019,40.4,7.4,0,3.3,3.3,20509317,829192,152179,0,677013,677013
Africa,Mali,2009,47.2,12.4,-3.5,3.48,3.13,14067464,663703,173733,-49658,489970,440312
Africa,Mali,2010,47,12,-3.8,3.5,3.12,14514077,681581,174024,-54573,507557,452984
Africa,Mali,2011,46.7,11.6,-1.3,3.51,3.38,14993806,700061,174228,-19192,525833,506641
Africa,Mali,2012,46.4,11.3,-14.2,3.52,2.1,15408711,715581,173810,-218496,541770,323275
Africa,Mali,2013,46.2,11,-4.3,3.52,3.09,15814633,730320,173961,-67687,556359,488672
Africa,Mali,2014,45.9,10.7,-3.3,3.52,3.19,16319381,749386,174781,-53691,574605,520915
Africa,Mali,2015,45.2,10.4,-4.6,3.48,3.02,16834405,761588,175415,-76933,586174,509241
Africa,Mali,2016,44.6,10.1,-4.1,3.44,3.03,17352160,773039,175777,-70970,597261,526291
Africa,Mali,2017,43.9,9.8,-3.9,3.4,3.02,17885245,784805,175991,-69037,608814,539777
Africa,Mali,2018,43.2,9.6,-3.9,3.37,2.98,18429893,796540,176005,-71139,620534,549395
Africa,Mali,2019,42.8,9.3,-3.9,3.35,2.96,18985881,811836,175999,-73286,635837,562552
Africa,Mauritania,2009,34.1,9.2,-1,2.5,2.4,3129486,106747,28666,-3004,78081,75076
Africa,Mauritania,2010,33.7,9,-0.9,2.47,2.37,3205060,107914,28846,-3013,79069,76056
Africa,Mauritania,2011,33.2,8.8,-0.9,2.44,2.35,3281634,109049,28977,-2986,80072,77086
Africa,Mauritania,2012,32.8,8.7,-0.9,2.41,2.32,3359185,110114,29091,-2990,81024,78034
Africa,Mauritania,2013,32.3,8.5,-0.9,2.38,2.29,3437610,111069,29220,-2991,81849,78859
Africa,Mauritania,2014,31.8,8.4,-0.9,2.35,2.26,3516806,111940,29365,-2989,82575,79585
Africa,Mauritania,2015,31.3,8.2,-0.8,2.31,2.23,3596702,112721,29493,-2985,83228,80242
Africa,Mauritania,2016,30.9,8.1,-0.8,2.28,2.2,3677293,113555,29602,-3015,83953,80937
Africa,Mauritania,2017,30.4,7.9,-0.8,2.25,2.17,3758571,114336,29730,-3007,84605,81599
Africa,Mauritania,2018,29.9,7.8,-0.8,2.22,2.14,3840429,114982,29879,-2996,85104,82108
Africa,Mauritania,2019,29.5,7.7,-0.8,2.18,2.1,3922758,115564,30009,-2981,85555,82574
Africa,Mauritius,2009,14.4,6.6,-0.1,0.78,0.78,1284264,18506,8463,-77,10043,9966
Africa,Mauritius,2010,14.2,6.6,0,0.75,0.75,1294104,18337,8580,-39,9758,9719
Africa,Mauritius,2011,14,6.7,0,0.73,0.73,1303717,18213,8709,0,9504,9504
Africa,Mauritius,2012,13.8,6.7,0,0.71,0.71,1313095,18094,8837,0,9257,9257
Africa,Mauritius,2013,13.6,6.8,0,0.68,0.68,1322238,18009,8978,0,9031,9031
Africa,Mauritius,2014,13.5,6.9,0,0.66,0.66,1331155,17917,9118,0,8799,8799
Africa,Mauritius,2015,13.3,6.9,0,0.64,0.64,1339827,17806,9258,0,8548,8548
Africa,Mauritius,2016,13.1,7,0,0.62,0.61,1348242,17702,9411,0,8292,8292
Africa,Mauritius,2017,13,7.1,0,0.59,0.59,1356388,17579,9576,0,8003,8003
Africa,Mauritius,2018,12.8,7.1,0,0.57,0.57,1364283,17517,9741,0,7776,7776
Africa,Mauritius,2019,12.7,7.2,0,0.55,0.55,1371946,17451,9905,0,7546,7546
Africa,Morocco,2009,19.7,4.7,-4,1.5,1.1,31285174,616944,148292,-124828,468652,343824
Africa,Morocco,2010,19.4,4.7,-3.9,1.47,1.08,31627428,613572,149914,-122714,463658,340944
Africa,Morocco,2011,19.2,4.8,-3.8,1.44,1.07,31968361,613473,151850,-120521,461623,341102
Africa,Morocco,2012,19,4.8,-3.7,1.42,1.05,32309239,612906,153792,-118575,459114,340539
Africa,Morocco,2013,18.7,4.8,-3.6,1.4,1.04,32649130,611518,156063,-116231,455455,339224
Africa,Morocco,2014,18.5,4.8,-3.5,1.37,1.02,32987206,609274,158009,-114136,451265,337129
Africa,Morocco,2015,18.2,4.8,-3.4,1.34,1,33322699,606473,160282,-111964,446191,334227
Africa,Morocco,2016,18,4.8,-3.3,1.31,0.99,33655786,604794,162894,-109718,441900,332183
Africa,Morocco,2017,17.7,4.9,-3.2,1.29,0.97,33986655,602583,165515,-107738,437068,329331
Africa,Morocco,2018,17.5,4.9,-3.1,1.26,0.95,34314130,598782,168139,-105344,430642,325298
Africa,Morocco,2019,17.2,4.9,-3,1.23,0.93,34637293,595069,170762,-103219,424307,321088
Africa,Mozambique,2009,40.2,13.6,-4.3,2.66,2.23,21921697,881910,297916,-94702,583994,489292
Africa,Mozambique,2010,39.9,13.3,-4.2,2.67,2.24,22417453,894681,297255,-94602,597425,502823
Africa,Mozambique,2011,39.6,13,-2.2,2.66,2.44,22948858,909234,298335,-50029,610899,560870
Africa,Mozambique,2012,39.3,12.8,-2.1,2.66,2.44,23515934,925117,300769,-50089,624348,574259
Africa,Mozambique,2013,39.1,12.6,-2.1,2.65,2.44,24096669,941698,302895,-49880,638803,588923
Africa,Mozambique,2014,38.8,12.3,-2,2.65,2.45,24692144,958796,304701,-49878,654095,604217
Africa,Mozambique,2015,38.6,12.1,-2,2.65,2.45,25303113,976194,306168,-50100,670026,619926
Africa,Mozambique,2016,38.3,11.9,-1.9,2.65,2.45,25930150,993643,307272,-50045,686371,636326
Africa,Mozambique,2017,38.1,11.6,-1.9,2.65,2.46,26573706,1011130,308255,-49959,702875,652916
Africa,Mozambique,2018,37.8,11.4,-1.8,2.64,2.46,27233789,1029165,309648,-50110,719517,669407
Africa,Mozambique,2019,37.5,11.2,-1.8,2.64,2.46,27910300,1046915,311200,-49959,735716,685756
Africa,Namibia,2009,31,10.1,-7.2,2.09,1.38,2152941,66720,21659,-15458,45061,29603
Africa,Namibia,2010,30.7,9.6,-7.1,2.11,1.4,2183015,66909,20891,-15456,46018,30562
Africa,Namibia,2011,30.3,9.1,-7,2.12,1.42,2213988,67084,20236,-15454,46848,31394
Africa,Namibia,2012,30,9,-3.4,2.1,1.76,2249438,67416,20177,-7738,47238,39500
Africa,Namibia,2013,29.4,8.8,0,2.07,2.07,2292905,67480,20063,0,47417,47417
Africa,Namibia,2014,28.9,8.5,0,2.04,2.04,2340492,67640,19918,0,47723,47723
Africa,Namibia,2015,28.4,8.3,0,2.01,2.01,2388360,67758,19776,0,47982,47982
Africa,Namibia,2016,27.9,8.1,0,1.98,1.98,2436469,67856,19638,0,48218,48218
Africa,Namibia,2017,27.3,7.9,0,1.95,1.95,2484780,67909,19530,0,48379,48379
Africa,Namibia,2018,26.8,7.7,0,1.91,1.91,2533224,67890,19404,0,48486,48486
Africa,Namibia,2019,26.3,7.5,0,1.88,1.88,2581689,67769,19311,0,48458,48458
Africa,Niger,2009,50.2,14.5,-0.7,3.57,3.5,14748785,740536,214152,-10177,526384,516207
Africa,Niger,2010,49.3,14.2,-0.7,3.51,3.45,15270018,752354,216071,-10078,536283,526205
Africa,Niger,2011,48.4,13.8,-0.6,3.46,3.4,15801752,764963,217590,-10113,547373,537260
Africa,Niger,2012,47.6,13.4,-0.6,3.42,3.36,16344687,778007,219182,-10134,558825,548691
Africa,Niger,2013,46.8,13.1,-0.6,3.38,3.32,16899327,791564,220874,-10140,570690,560551
Africa,Niger,2014,46.1,12.7,-0.6,3.34,3.28,17466172,805540,222344,-10130,583195,573065
Africa,Niger,2015,45.5,12.4,-0.6,3.3,3.25,18045729,820178,224128,-10106,596050,585945
Africa,Niger,2016,44.8,12.1,-0.5,3.27,3.22,18638600,835382,225527,-10065,609855,599790
Africa,Niger,2017,44.2,11.8,-0.5,3.24,3.19,19245344,850837,226903,-10200,623934,613734
Africa,Niger,2018,43.6,11.5,-0.5,3.21,3.16,19866231,866764,228660,-10132,638103,627972
Africa,Niger,2019,43.1,11.2,-0.5,3.18,3.13,20501509,882795,230232,-10046,652563,642517
Africa,Nigeria,2009,40.1,12.7,-0.3,2.74,2.71,161490795,6480626,2054163,-50062,4426463,4376401
Africa,Nigeria,2010,39.4,12.3,-0.3,2.71,2.68,165904805,6543286,2040629,-53090,4502656,4449567
Africa,Nigeria,2011,38.8,11.9,-0.3,2.69,2.66,170393454,6606154,2027682,-54526,4578472,4523946
Africa,Nigeria,2012,38.1,11.5,-0.4,2.66,2.62,174951835,6670913,2013696,-64732,4657218,4592486
Africa,Nigeria,2013,37.5,11.2,-0.5,2.64,2.59,179570054,6737468,2002206,-87989,4735262,4647273
Africa,Nigeria,2014,36.9,10.8,-0.9,2.61,2.53,184219070,6803210,1991408,-158428,4811802,4653374
Africa,Nigeria,2015,36.4,10.5,-1.4,2.59,2.45,188859688,6866938,1981138,-256849,4885800,4628951
Africa,Nigeria,2016,35.9,10.2,-1.7,2.58,2.4,193498305,6952394,1969813,-334752,4982581,4647829
Africa,Nigeria,2017,35.5,9.9,-0.2,2.57,2.55,198346055,7049219,1959659,-41653,5089560,5047907
Africa,Nigeria,2018,35.2,9.6,-0.2,2.56,2.54,203452505,7163563,1955179,-42725,5208384,5165659
Africa,Nigeria,2019,34.9,9.3,-0.2,2.56,2.53,208679114,7280814,1949063,-43823,5331751,5287929
Africa,Rwanda,2009,37.4,8.2,-11.6,2.93,1.77,9705671,363186,79198,-112780,283988,171208
Africa,Rwanda,2010,36.7,7.7,-2.4,2.9,2.66,9923431,364289,76708,-23320,287581,264261
Africa,Rwanda,2011,36.1,7.5,-0.2,2.86,2.84,10200636,367733,76097,-1530,291636,290106
Africa,Rwanda,2012,35.3,7.2,2.4,2.81,3.04,10505592,370637,75745,25003,294892,319895
Africa,Rwanda,2013,34.4,7,3.4,2.74,3.07,10831947,372294,75715,36395,296579,332974
Africa,Rwanda,2014,33.4,6.8,0.5,2.66,2.71,11149288,371829,75704,5575,296125,301700
Africa,Rwanda,2015,32.4,6.6,-12.3,2.58,1.35,11377040,368844,75202,-139824,293641,153818
Africa,Rwanda,2016,31.6,6.5,0.9,2.51,2.6,11604797,366712,75315,10328,291396,301725
Africa,Rwanda,2017,30.7,6.4,0.2,2.43,2.45,11901484,365257,75693,2023,289563,291586
Africa,Rwanda,2018,29.8,6.3,-0.5,2.35,2.3,12187400,362575,76171,-6216,286404,280188
Africa,Rwanda,2019,28.8,6.2,-1.2,2.26,2.15,12461248,358635,76637,-14455,281998,267543
Africa,"SaintHelena,Ascension,andTristandaCunha",2009,11.1,6.7,0,0.45,0.45,7637,85,51,0,34,34
Africa,"SaintHelena,Ascension,andTristandaCunha",2010,11,6.9,0,0.4,0.4,7670,84,53,0,31,31
Africa,"SaintHelena,Ascension,andTristandaCunha",2011,10.7,6.9,0,0.38,0.38,7700,82,53,0,29,29
Africa,"SaintHelena,Ascension,andTristandaCunha",2012,10.5,7,0,0.35,0.35,7728,81,54,0,27,27
Africa,"SaintHelena,Ascension,andTristandaCunha",2013,10.2,7.2,0,0.3,0.3,7754,79,56,0,23,23
Africa,"SaintHelena,Ascension,andTristandaCunha",2014,10,7.3,0,0.27,0.27,7776,78,57,0,21,21
Africa,"SaintHelena,Ascension,andTristandaCunha",2015,9.9,7.4,0,0.24,0.24,7795,77,58,0,19,19
Africa,"SaintHelena,Ascension,andTristandaCunha",2016,9.7,7.7,0,0.21,0.21,7813,76,60,0,16,16
Africa,"SaintHelena,Ascension,andTristandaCunha",2017,9.6,7.8,0,0.18,0.18,7828,75,61,0,14,14
Africa,"SaintHelena,Ascension,andTristandaCunha",2018,9.4,8,0,0.14,0.14,7841,74,63,0,11,11
Africa,"SaintHelena,Ascension,andTristandaCunha",2019,9.4,8.2,0,0.13,0.13,7852,74,64,0,10,10
Africa,SaoTomeandPrincipe,2009,39.9,8.7,-9.7,3.12,2.15,172103,6870,1497,-1675,5373,3698
Africa,SaoTomeandPrincipe,2010,39.1,8.5,-9.5,3.06,2.11,175808,6872,1486,-1674,5387,3713
Africa,SaoTomeandPrincipe,2011,38,8.2,-9.3,2.99,2.05,179506,6827,1468,-1675,5358,3683
Africa,SaoTomeandPrincipe,2012,37,7.9,-9.1,2.91,2,183176,6781,1453,-1674,5329,3654
Africa,SaoTomeandPrincipe,2013,36.1,7.7,-9,2.84,1.94,186817,6735,1435,-1674,5300,3626
Africa,SaoTomeandPrincipe,2014,35.1,7.5,-8.8,2.77,1.89,190428,6688,1419,-1674,5269,3595
Africa,SaoTomeandPrincipe,2015,34.2,7.2,-8.6,2.7,1.84,194006,6641,1405,-1674,5236,3562
Africa,SaoTomeandPrincipe,2016,33.3,7,-8.5,2.62,1.78,197541,6572,1389,-1673,5183,3510
Africa,SaoTomeandPrincipe,2017,32.4,6.8,-8.3,2.55,1.72,201025,6505,1373,-1675,5132,3458
Africa,SaoTomeandPrincipe,2018,31.5,6.7,-8.2,2.48,1.66,204454,6432,1360,-1674,5073,3398
Africa,SaoTomeandPrincipe,2019,30.6,6.5,-8.1,2.41,1.61,207822,6355,1345,-1673,5011,3338
Africa,Senegal,2009,37.8,9.7,-2.1,2.81,2.6,12008068,454025,116478,-24977,337547,312570
Africa,Senegal,2010,37.3,9.5,-2,2.78,2.58,12323252,459288,116948,-24523,342340,317817
Africa,Senegal,2011,36.7,9.3,-1.9,2.75,2.56,12643799,464407,117082,-24023,347325,323302
Africa,Senegal,2012,36.2,9.1,-1.8,2.71,2.53,12969606,469370,117375,-23605,351995,328390
Africa,Senegal,2013,35.6,8.9,-1.7,2.68,2.51,13300410,474027,117709,-23143,356318,333175
Africa,Senegal,2014,35.1,8.7,-1.7,2.64,2.48,13635927,478485,117951,-22636,360534,337898
Africa,Senegal,2015,34.5,8.5,-1.6,2.61,2.45,13975834,482446,118236,-22222,364210,341989
Africa,Senegal,2016,34,8.3,-1.5,2.57,2.42,14320055,486595,118427,-21766,368169,346402
Africa,Senegal,2017,33.4,8.1,-1.5,2.54,2.39,14668522,490515,118668,-21416,371847,350431
Africa,Senegal,2018,32.9,7.9,-1.4,2.5,2.36,15020945,494189,118966,-20879,375223,354344
Africa,Senegal,2019,32.4,7.8,-1.3,2.46,2.33,15377009,497600,119326,-20451,378274,357823
Africa,Seychelles,2009,15.9,6.9,1.1,0.89,1,87476,1388,606,92,782,874
Africa,Seychelles,2010,15.5,6.9,1,0.86,0.97,88340,1372,611,92,761,852
Africa,Seychelles,2011,15.3,6.9,1,0.84,0.95,89188,1367,616,92,751,843
Africa,Seychelles,2012,15.1,6.9,1,0.82,0.92,90024,1359,621,92,738,830
Africa,Seychelles,2013,14.9,6.9,1,0.8,0.9,90846,1349,626,92,723,815
Africa,Seychelles,2014,14.5,6.9,1,0.76,0.87,91650,1333,632,92,700,792
Africa,Seychelles,2015,14.2,6.9,1,0.73,0.83,92430,1312,637,92,675,767
Africa,Seychelles,2016,13.9,6.9,1,0.7,0.8,93186,1298,645,92,653,745
Africa,Seychelles,2017,13.7,7,1,0.67,0.77,93920,1285,653,92,632,724
Africa,Seychelles,2018,13.4,7,1,0.64,0.74,94633,1270,661,92,609,701
Africa,Seychelles,2019,13.1,7,1,0.61,0.71,95321,1251,669,92,581,674
Africa,SierraLeone,2009,39.1,12.2,-5.1,2.69,2.18,5132138,200564,62715,-26071,137849,111778
Africa,SierraLeone,2010,38.8,12,-4.7,2.68,2.22,5245695,203481,62791,-24445,140690,116245
Africa,SierraLeone,2011,38.5,11.7,-4.3,2.67,2.25,5363669,206287,62916,-22796,143371,120575
Africa,SierraLeone,2012,38.1,11.5,-3.9,2.66,2.28,5485998,209126,63034,-21176,146092,124916
Africa,SierraLeone,2013,37.8,11.3,-3.5,2.65,2.3,5612685,211991,63199,-19532,148792,129260
Africa,SierraLeone,2014,37.4,11,-3.1,2.64,2.33,5743725,214815,63353,-17920,151462,133542
Africa,SierraLeone,2015,37,10.8,-2.8,2.62,2.35,5879098,217703,63553,-16285,154150,137865
Africa,SierraLeone,2016,36.7,10.6,-2.4,2.61,2.36,6018888,220713,63740,-14626,156973,142347
Africa,SierraLeone,2017,36.3,10.4,-2.1,2.6,2.38,6163195,223847,63912,-13004,159935,146931
Africa,SierraLeone,2018,36,10.2,-1.8,2.58,2.4,6312212,227177,64132,-11425,163044,151619
Africa,SierraLeone,2019,35.7,10,-1.5,2.57,2.42,6466064,230709,64402,-9764,166307,156543
Africa,Somalia,2009,43.6,15.5,-12.2,2.81,1.59,9613212,419328,149197,-117185,270131,152946
Africa,Somalia,2010,43.2,15.2,-12,2.8,1.6,9767889,422070,148472,-117215,273599,156384
Africa,Somalia,2011,42.7,14.9,-11.8,2.78,1.6,9925640,423924,147594,-117222,276330,159108
Africa,Somalia,2012,42.1,14.6,-11.6,2.76,1.6,10085638,424807,146746,-117195,278061,160866
Africa,Somalia,2013,41.5,14.2,-10.6,2.72,1.67,10251568,424927,145777,-108154,279150,170996
Africa,Somalia,2014,40.9,13.9,-9.5,2.7,1.75,10428043,426194,145054,-99171,281140,181969
Africa,Somalia,2015,40.5,13.6,-8.5,2.68,1.83,10616380,429433,144595,-90133,284837,194704
Africa,Somalia,2016,40,13.3,-7.5,2.67,1.92,10817354,432694,144304,-81130,288391,207261
Africa,Somalia,2017,39.6,13.1,-6.5,2.66,2,11031386,437064,144180,-72145,292883,220738
Africa,Somalia,2018,39.3,12.8,-5.6,2.64,2.08,11259029,441917,144341,-63051,297576,234526
Africa,Somalia,2019,38.9,12.6,-4.7,2.63,2.16,11500692,447607,144679,-54053,302928,248875
Africa,SouthAfrica,2009,22.1,13.8,4.7,0.83,1.3,50680856,1119540,699903,237693,419637,657331
Africa,SouthAfrica,2010,22.2,14.3,-3.5,0.79,0.44,51122965,1132374,729525,-176374,402849,226475
Africa,SouthAfrica,2011,21.7,12.4,-0.9,0.93,0.85,51453823,1118092,637513,-45279,480579,435299
Africa,SouthAfrica,2012,21.3,10.9,-1.1,1.04,0.93,51913821,1107322,565342,-56586,541980,485394
Africa,SouthAfrica,2013,20.9,10.5,-0.1,1.04,1.03,52425155,1096210,552561,-5767,543649,537882
Africa,SouthAfrica,2014,20.9,10.2,1.2,1.06,1.18,53006857,1105193,541200,62018,563993,626011
Africa,SouthAfrica,2015,20.8,9.9,2.4,1.08,1.33,53675563,1113768,531925,129895,581843,711738
Africa,SouthAfrica,2016,20.5,9.6,-0.9,1.09,0.99,54300704,1112078,522373,-51043,589706,538663
Africa,SouthAfrica,2017,20.2,9.4,-0.9,1.08,0.99,54841552,1107799,513865,-51003,593934,542931
Africa,SouthAfrica,2018,19.9,9.3,-0.9,1.06,0.97,55380210,1102066,517251,-50950,584815,533865
Africa,SouthAfrica,2019,19.6,9.3,-0.6,1.03,0.97,55918443,1094883,520601,-32433,574282,541850
Africa,SouthSudan,2009,43,12.8,18.2,3.02,4.84,9246358,397316,118261,168191,279055,447246
Africa,SouthSudan,2010,42.2,12.4,30.7,2.98,6.04,9765126,412088,121283,299399,290805,590204
Africa,SouthSudan,2011,41.5,12.1,18.9,2.94,4.82,10308739,427606,124839,194320,302768,497087
Africa,SouthSudan,2012,40.8,11.8,11.7,2.9,4.06,10776233,439670,127591,125759,312080,437838
Africa,SouthSudan,2013,40.4,11.8,5.8,2.86,3.45,11187790,452322,132016,65337,320306,385643
Africa,SouthSudan,2014,38.3,16.7,-41.9,2.16,-2.03,11266560,431397,188152,-471731,243245,-228486
Africa,SouthSudan,2015,36.1,17.1,-14.4,1.89,0.46,11177876,403074,191477,-160403,211597,51195
Africa,SouthSudan,2016,36.3,17.6,-59.9,1.87,-4.12,10977292,398476,193420,-657430,205056,-452374
Africa,SouthSudan,2017,36.6,18.7,-64.2,1.78,-4.64,10507520,384365,196911,-674688,187454,-487234
Africa,SouthSudan,2018,36.9,19.3,-29.2,1.76,-1.16,10204581,376141,196846,-297872,179294,-118577
Africa,SouthSudan,2019,39.3,13.2,0.2,2.61,2.63,10280287,403912,136008,2056,267904,269960
Africa,Sudan,2009,39.3,8.5,-2.4,3.08,2.85,34144883,1342918,289890,-80923,1053028,972105
Africa,Sudan,2010,38.4,8.3,-9.9,3.01,2.02,34983893,1344431,290716,-347740,1053715,705975
Africa,Sudan,2011,37.6,8.2,-10,2.94,1.94,35683115,1340615,290817,-357545,1049797,692252
Africa,Sudan,2012,36.8,8,-6.7,2.88,2.21,36431189,1338846,291450,-243360,1047397,804036
Africa,Sudan,2013,36,7.8,-5.5,2.82,2.28,37257361,1340147,288745,-203053,1051403,848350
Africa,Sudan,2014,35.5,7.5,1.9,2.8,2.99,38253907,1359544,287669,72682,1071874,1144557
Africa,Sudan,2015,35.1,7.3,1.2,2.78,2.9,39397806,1384439,287604,46489,1096835,1143324
Africa,Sudan,2016,34.8,7.1,1.7,2.77,2.94,40564921,1411254,288011,67743,1123243,1190986
Africa,Sudan,2017,34.5,6.9,4.2,2.76,3.18,41824518,1441691,289426,175663,1152265,1327928
Africa,Sudan,2018,34.2,6.7,1.9,2.75,2.93,43120843,1475164,290634,80205,1184530,1264734
Africa,Sudan,2019,34,6.6,-0.5,2.74,2.7,44350744,1507482,292271,-19958,1215210,1195253
Africa,Tanzania,2009,39.5,9.5,-4.7,3,2.53,43094715,1703534,410693,-203407,1292841,1089434
Africa,Tanzania,2010,38.6,9.1,-0.2,2.95,2.93,44288197,1710853,404351,-9301,1306502,1297201
Africa,Tanzania,2011,38.2,8.9,-0.6,2.93,2.87,45590856,1739747,404391,-27355,1335356,1308002
Africa,Tanzania,2012,37.7,8.6,-0.6,2.91,2.85,46912768,1768611,405326,-27679,1363285,1335607
Africa,Tanzania,2013,37.3,8.4,-0.6,2.88,2.82,48261942,1797757,405883,-28957,1391874,1362917
Africa,Tanzania,2014,36.8,8.2,-0.6,2.86,2.8,49639138,1827713,407041,-28294,1420672,1392378
Africa,Tanzania,2015,36.4,8,-0.5,2.84,2.79,51045882,1857560,408367,-27565,1449193,1421628
Africa,Tanzania,2016,36,7.8,-0.5,2.82,2.77,52482726,1888853,409890,-26766,1478963,1452197
Africa,Tanzania,2017,35.6,7.6,-0.5,2.8,2.75,53950935,1921732,411646,-25896,1510087,1484190
Africa,Tanzania,2018,35.3,7.5,-0.5,2.78,2.74,55451343,1955214,413113,-24953,1542102,1517149
Africa,Tanzania,2019,34.9,7.3,-0.4,2.76,2.72,56985045,1990488,415421,-24504,1575067,1550563
Africa,Togo,2009,36.2,8.3,0.6,2.78,2.84,6405008,231605,53418,3715,178187,181902
Africa,Togo,2010,35.9,8.2,0,2.77,2.77,6587239,236350,53686,0,182664,182664
Africa,Togo,2011,35.6,8,0,2.76,2.76,6771993,240948,53905,0,187042,187042
Africa,Togo,2012,35.3,7.8,0,2.75,2.75,6961049,245447,54157,0,191290,191290
Africa,Togo,2013,34.9,7.6,0,2.73,2.73,7154237,249683,54372,0,195311,195311
Africa,Togo,2014,34.5,7.4,0,2.71,2.71,7351374,253769,54621,0,199149,199149
Africa,Togo,2015,34.1,7.3,0,2.69,2.69,7552318,257761,54830,0,202931,202931
Africa,Togo,2016,33.7,7.1,0,2.66,2.66,7756937,261486,54997,0,206490,206490
Africa,Togo,2017,33.3,6.9,0,2.64,2.64,7965055,265077,55198,0,209879,209879
Africa,Togo,2018,32.8,6.8,0,2.61,2.61,8176449,268515,55436,0,213078,213078
Africa,Togo,2019,32.4,6.7,0,2.58,2.58,8390953,271867,55800,0,216067,216067
Africa,Tunisia,2009,18.8,6.3,-2.1,1.25,1.05,10411019,196144,65589,-21447,130554,109107
Africa,Tunisia,2010,19.9,6.4,-2,1.35,1.15,10525963,209361,67156,-21473,142206,120733
Africa,Tunisia,2011,19.9,6.4,-2,1.35,1.15,10647404,211457,67824,-21401,143633,122232
Africa,Tunisia,2012,20.6,6.4,-2.4,1.43,1.19,10772543,222345,68406,-25746,153940,128193
Africa,Tunisia,2013,20.5,6.4,-2.2,1.42,1.2,10901933,223490,69227,-23548,154262,130714
Africa,Tunisia,2014,20.3,6.3,-2.1,1.4,1.19,11032836,224187,69948,-23169,154239,131070
Africa,Tunisia,2015,19.6,6.3,-2,1.33,1.13,11161625,218991,70541,-21988,148450,126461
Africa,Tunisia,2016,18.9,6.3,-1.8,1.26,1.07,11285452,213295,71437,-20765,141858,121093
Africa,Tunisia,2017,18.2,6.3,-1.7,1.18,1.01,11403800,207207,72186,-19500,135021,115520
Africa,Tunisia,2018,17.4,6.4,-1.6,1.11,0.95,11516189,200727,73128,-18311,127599,109289
Africa,Tunisia,2019,16.7,6.4,-1.5,1.03,0.88,11622134,193625,74033,-17085,119592,102507
Africa,Uganda,2009,45.8,12.6,-2.2,3.32,3.1,30520924,1397553,383343,-67146,1014210,947064
Africa,Uganda,2010,45.5,12.2,-0.7,3.33,3.26,31507228,1432634,385018,-22370,1047615,1025245
Africa,Uganda,2011,45.2,11.9,-0.1,3.33,3.32,32560222,1471071,386815,-3582,1084255,1080674
Africa,Uganda,2012,44.8,11.6,-1.2,3.33,3.21,33640833,1508455,388888,-38687,1119567,1080880
Africa,Uganda,2013,44.5,11.3,0,3.32,3.32,34758809,1546767,391384,-348,1155383,1155035
Africa,Uganda,2014,44.2,11,-0.8,3.32,3.24,35918915,1586538,394030,-27298,1192508,1165210
Africa,Uganda,2015,43.8,10.7,-0.7,3.31,3.24,37101745,1624685,396618,-27455,1228068,1200612
Africa,Uganda,2016,43.4,10.4,-0.7,3.29,3.22,38319241,1661139,399286,-27590,1261853,1234263
Africa,Uganda,2017,42.9,10.2,-0.7,3.27,3.2,39570125,1696767,402032,-27303,1294734,1267431
Africa,Uganda,2018,42.4,9.9,-0.7,3.25,3.18,40853749,1731790,404452,-27372,1327338,1299966
Africa,Uganda,2019,41.9,9.7,-0.7,3.22,3.16,42169690,1766910,407359,-27410,1359551,1332141
Africa,WesternSahara,2009,33,9.3,8.7,2.37,3.24,476008,15718,4427,4151,11291,15442
Africa,WesternSahara,2010,32.6,9.1,8.3,2.34,3.17,491519,16004,4488,4060,11516,15576
Africa,WesternSahara,2011,32.1,9,7.8,2.31,3.1,507160,16280,4544,3971,11736,15707
Africa,WesternSahara,2012,31.7,8.8,7.4,2.29,3.03,522928,16551,4602,3880,11949,15829
Africa,WesternSahara,2013,31.2,8.6,7,2.25,2.96,538811,16800,4655,3793,12145,15938
Africa,WesternSahara,2014,30.7,8.5,6.7,2.22,2.89,554795,17038,4710,3700,12328,16028
Africa,WesternSahara,2015,30.2,8.3,6.3,2.19,2.82,570866,17263,4761,3614,12502,16116
Africa,WesternSahara,2016,29.8,8.2,6,2.16,2.76,587020,17487,4814,3522,12674,16196
Africa,WesternSahara,2017,29.3,8.1,5.7,2.13,2.7,603253,17699,4862,3433,12837,16270
Africa,WesternSahara,2018,28.9,7.9,5.4,2.1,2.64,619551,17893,4913,3339,12980,16319
Africa,WesternSahara,2019,28.4,7.8,5.1,2.06,2.57,635896,18072,4960,3249,13112,16362
Africa,Zambia,2009,43.9,14.3,-2,2.96,2.75,12678115,556442,181677,-25863,374765,348902
Africa,Zambia,2010,43.7,14,-0.6,2.97,2.9,13041876,569539,182586,-8347,386952,378606
Africa,Zambia,2011,43.4,13.7,-0.9,2.97,2.88,13424596,582493,184051,-11679,398442,386763
Africa,Zambia,2012,43.1,13.4,-0.8,2.97,2.89,13817479,595533,185707,-10916,409826,398911
Africa,Zambia,2013,42.8,13.2,-0.8,2.96,2.89,14222233,608569,187307,-10667,421263,410596
Africa,Zambia,2014,42.5,12.9,-0.7,2.95,2.88,14638505,621551,189129,-10540,432421,421882
Africa,Zambia,2015,42.1,12.7,-0.7,2.95,2.88,15066266,634742,190890,-10245,443852,433607
Africa,Zambia,2016,41.8,12.4,0,2.94,2.94,15510711,648193,192798,0,455394,455394
Africa,Zambia,2017,41.5,12.2,0,2.93,2.93,15972000,662199,195018,0,467181,467181
Africa,Zambia,2018,41.1,12,0,2.91,2.91,16445079,676222,197176,0,479045,479045
Africa,Zambia,2019,40.8,11.8,0,2.9,2.9,16929953,690234,199435,0,490799,490799
Africa,Zimbabwe,2009,35.7,13.1,-13.9,2.25,0.87,12605986,449782,165643,-174845,284139,109294
Africa,Zimbabwe,2010,36,12.6,-13.7,2.34,0.96,12721828,457350,160168,-174798,297182,122384
Africa,Zimbabwe,2011,35.6,12.1,-13.6,2.35,0.99,12846326,457458,155954,-174838,301503,126665
Africa,Zimbabwe,2012,35.3,11.7,-13.5,2.35,1.01,12974879,457624,152325,-174772,305299,130527
Africa,Zimbabwe,2013,35,11.4,-13.3,2.36,1.03,13107377,458496,149162,-174852,309334,134482
Africa,Zimbabwe,2014,34.7,11.1,-12.1,2.37,1.16,13251426,460222,146428,-160210,313794,153584
Africa,Zimbabwe,2015,34.6,10.7,-10.9,2.39,1.31,13415796,464723,143817,-145696,320906,175210
Africa,Zimbabwe,2016,34.4,10.5,-9.7,2.39,1.43,13600580,467996,142398,-131246,325598,194352
Africa,Zimbabwe,2017,34.2,10.2,-8.5,2.4,1.56,13805084,472134,140812,-116653,331322,214669
Africa,Zimbabwe,2018,34,9.9,-7.3,2.41,1.68,14030368,477173,139041,-102141,338132,235991
Africa,Zimbabwe,2019,33.8,9.6,-6.1,2.42,1.81,14277281,482572,137205,-87663,345367,257705